{"options":{"comment":null,"compatopts_for_requires":true,"compat_wrappedjsobject":false,"compat_metadata":false,"compat_foreach":false,"compat_arrayleft":false,"compat_uW_gmonkey":false,"compat_forvarin":false,"noframes":null,"awareOfChrome":false,"run_at":null,"user_agent":"","override":{"merge_excludes":true,"merge_includes":true,"merge_matches":true,"orig_excludes":[],"orig_includes":[],"orig_matches":["https://qa.sms.91dev.tw/swagger/*"],"orig_noframes":null,"orig_run_at":"document-idle","use_excludes":[],"use_includes":[],"use_matches":[]}},"settings":{"enabled":true,"position":1},"meta":{"name":"swagger_code_generator","uuid":"e6900eb7-f7cd-4c5f-a8aa-3268ffab1d86","modified":1459151189747}}